{
  "tolerances": [
    10,
    50
  ],
  "models": [
    {
      "model": "tilamb_lora_author",
      "offset": {
        "predictions_path": "logs/benchmark_tilamb_lora_author_predictions.jsonl",
        "rows_total": 688,
        "rows_with_gold": 609,
        "rows_with_pred": 685,
        "rows_paired": 607,
        "char_iou_mean": 0.015519144868505618,
        "char_iou_median": 0.0,
        "char_iou_p90": 0.0,
        "start_abs_err_mean": 980.7100494233937,
        "start_abs_err_median": 628.0,
        "start_abs_err_p90": 1594.1999999999996,
        "end_abs_err_mean": 994.7825370675453,
        "end_abs_err_median": 627.0,
        "end_abs_err_p90": 1623.8,
        "tolerances": {
          "10": {
            "row_hit_rate_start": 0.023064250411861616,
            "row_hit_rate_end": 0.016474464579901153,
            "row_hit_rate_both": 0.009884678747940691,
            "row_hit_rate_both_overlap": 0.009884678747940691,
            "micro_f1_start_only": 0.021638330757341576,
            "micro_f1_end_only": 0.015455950540958269,
            "micro_f1_both_no_overlap_req": 0.00927357032457496,
            "micro_f1_both_overlap_req": 0.00927357032457496
          },
          "50": {
            "row_hit_rate_start": 0.06754530477759473,
            "row_hit_rate_end": 0.06589785831960461,
            "row_hit_rate_both": 0.05930807248764415,
            "row_hit_rate_both_overlap": 0.03130148270181219,
            "micro_f1_start_only": 0.0633693972179289,
            "micro_f1_end_only": 0.061823802163833076,
            "micro_f1_both_no_overlap_req": 0.05564142194744977,
            "micro_f1_both_overlap_req": 0.029366306027820713
          }
        }
      },
      "standard_row_metrics": {
        "rows_evaluated": 688,
        "parse_failures": 0,
        "parse_fail_rate": 0.0,
        "exact_title": {
          "precision": 0.0,
          "recall": 0.0,
          "f1": 0.0,
          "tp": 0,
          "fp": 685,
          "fn": 609
        },
        "overlap_title_iou50": {
          "precision": 0.013138686131386862,
          "recall": 0.014778325123152709,
          "f1": 0.013910355486862442,
          "tp": 9,
          "fp": 676,
          "fn": 600
        },
        "overlap_title_iou80": {
          "precision": 0.00145985401459854,
          "recall": 0.0016420361247947454,
          "f1": 0.0015455950540958269,
          "tp": 1,
          "fp": 684,
          "fn": 608
        },
        "text_equal_title": {
          "precision": 0.0,
          "recall": 0.0,
          "f1": 0.0,
          "tp": 0,
          "fp": 685,
          "fn": 609
        },
        "offset_relaxed_title_10": {
          "precision": 0.008759124087591242,
          "recall": 0.009852216748768473,
          "f1": 0.00927357032457496,
          "tp": 6,
          "fp": 679,
          "fn": 603
        },
        "offset_relaxed_title_50": {
          "precision": 0.027737226277372264,
          "recall": 0.031198686371100164,
          "f1": 0.029366306027820713,
          "tp": 19,
          "fp": 666,
          "fn": 590
        }
      },
      "segment_dedup": {
        "segments_evaluated": 642,
        "exact_title": {
          "precision": 0.0,
          "recall": 0.0,
          "f1": 0.0,
          "tp": 0,
          "fp": 639,
          "fn": 570
        },
        "overlap_title_iou50": {
          "precision": 0.014084507042253521,
          "recall": 0.015789473684210527,
          "f1": 0.01488833746898263,
          "tp": 9,
          "fp": 630,
          "fn": 561
        },
        "text_equal_title": {
          "precision": 0.0,
          "recall": 0.0,
          "f1": 0.0,
          "tp": 0,
          "fp": 639,
          "fn": 570
        },
        "offset_relaxed_title_10": {
          "precision": 0.009389671361502348,
          "recall": 0.010526315789473684,
          "f1": 0.009925558312655087,
          "tp": 6,
          "fp": 633,
          "fn": 564
        },
        "offset_relaxed_title_50": {
          "precision": 0.0297339593114241,
          "recall": 0.03333333333333333,
          "f1": 0.03143093465674111,
          "tp": 19,
          "fp": 620,
          "fn": 551
        }
      }
    }
  ]
}