{
  "run_id": "benchmark_tilamb_lora_pilot_author",
  "eval_type": "row_multi_metric",
  "task": "author",
  "started_at_utc": "2026-06-30T10:46:39.573571+00:00",
  "model_kind": "tilamb_lora",
  "max_new_tokens": 768,
  "test_jsonl": "data/llm_sft_pilot_10pct/author/test.jsonl",
  "meta_jsonl": "data/llm_sft_pilot_10pct/author/test_meta.jsonl",
  "checkpoint": null,
  "base_model": "YoLo2000/TiLamb-7B",
  "adapter": "ganga4364/tibetan-metadata-author-tilamb-lora-pilot",
  "row_metrics": {
    "rows_evaluated": 688,
    "rows_in_this_run": 688,
    "rows_skipped_resume": 0,
    "parse_failures": 0,
    "parse_fail_rate": 0.0,
    "exact_title": {
      "precision": 0.0,
      "recall": 0.0,
      "f1": 0.0,
      "tp": 0,
      "fp": 685,
      "fn": 609
    },
    "overlap_title_iou50": {
      "precision": 0.013138686131386862,
      "recall": 0.014778325123152709,
      "f1": 0.013910355486862442,
      "tp": 9,
      "fp": 676,
      "fn": 600
    },
    "overlap_title_iou80": {
      "precision": 0.00145985401459854,
      "recall": 0.0016420361247947454,
      "f1": 0.0015455950540958269,
      "tp": 1,
      "fp": 684,
      "fn": 608
    },
    "text_equal_title": {
      "precision": 0.0,
      "recall": 0.0,
      "f1": 0.0,
      "tp": 0,
      "fp": 685,
      "fn": 609
    },
    "offset_relaxed_title_10": {
      "precision": 0.008759124087591242,
      "recall": 0.009852216748768473,
      "f1": 0.00927357032457496,
      "tp": 6,
      "fp": 679,
      "fn": 603
    },
    "offset_relaxed_title_50": {
      "precision": 0.027737226277372264,
      "recall": 0.031198686371100164,
      "f1": 0.029366306027820713,
      "tp": 19,
      "fp": 666,
      "fn": 590
    },
    "segment_dedup": {
      "segments_evaluated": 642,
      "exact_title": {
        "precision": 0.0,
        "recall": 0.0,
        "f1": 0.0,
        "tp": 0,
        "fp": 639,
        "fn": 570
      },
      "overlap_title_iou50": {
        "precision": 0.014084507042253521,
        "recall": 0.015789473684210527,
        "f1": 0.01488833746898263,
        "tp": 9,
        "fp": 630,
        "fn": 561
      },
      "text_equal_title": {
        "precision": 0.0,
        "recall": 0.0,
        "f1": 0.0,
        "tp": 0,
        "fp": 639,
        "fn": 570
      },
      "offset_relaxed_title_10": {
        "precision": 0.009389671361502348,
        "recall": 0.010526315789473684,
        "f1": 0.009925558312655087,
        "tp": 6,
        "fp": 633,
        "fn": 564
      },
      "offset_relaxed_title_50": {
        "precision": 0.0297339593114241,
        "recall": 0.03333333333333333,
        "f1": 0.03143093465674111,
        "tp": 19,
        "fp": 620,
        "fn": 551
      }
    },
    "timing": {
      "load_ms": 14522.82,
      "total_inference_s": 2775.37,
      "mean_ms_per_row": 4033.97,
      "median_ms_per_row": 3675.27
    },
    "max_new_tokens": 768
  },
  "predictions_path": "logs/benchmark_tilamb_lora_author_predictions.jsonl"
}