{
  "run_id": "benchmark_gemma4_pilot_title",
  "eval_type": "row_multi_metric",
  "started_at_utc": "2026-06-23T06:29:44.363633+00:00",
  "model_kind": "gemma4",
  "test_jsonl": "data/llm_sft_pilot_10pct/title/test.jsonl",
  "meta_jsonl": "data/llm_sft_pilot_10pct/title/test_meta.jsonl",
  "checkpoint": null,
  "base_model": "google/gemma-4-E4B-it",
  "adapter": null,
  "row_metrics": {
    "rows_evaluated": 769,
    "rows_in_this_run": 769,
    "rows_skipped_resume": 0,
    "parse_failures": 24,
    "parse_fail_rate": 0.031209362808842653,
    "exact_title": {
      "precision": 0.0,
      "recall": 0.0,
      "f1": 0.0,
      "tp": 0,
      "fp": 816,
      "fn": 688
    },
    "overlap_title_iou50": {
      "precision": 0.19047619047619047,
      "recall": 0.22674418604651161,
      "f1": 0.20703384207033843,
      "tp": 156,
      "fp": 663,
      "fn": 532
    },
    "overlap_title_iou80": {
      "precision": 0.019536019536019536,
      "recall": 0.023255813953488372,
      "f1": 0.021234240212342402,
      "tp": 16,
      "fp": 803,
      "fn": 672
    },
    "text_equal_title": {
      "precision": 0.0,
      "recall": 0.0,
      "f1": 0.0,
      "tp": 0,
      "fp": 819,
      "fn": 688
    },
    "offset_relaxed_title_10": {
      "precision": 0.06715506715506715,
      "recall": 0.07994186046511628,
      "f1": 0.072992700729927,
      "tp": 55,
      "fp": 764,
      "fn": 633
    },
    "offset_relaxed_title_50": {
      "precision": 0.42857142857142855,
      "recall": 0.5101744186046512,
      "f1": 0.46582614465826144,
      "tp": 351,
      "fp": 468,
      "fn": 337
    },
    "segment_dedup": {
      "segments_evaluated": 720,
      "exact_title": {
        "precision": 0.0,
        "recall": 0.0,
        "f1": 0.0,
        "tp": 0,
        "fp": 748,
        "fn": 642
      },
      "overlap_title_iou50": {
        "precision": 0.19866666666666666,
        "recall": 0.23208722741433022,
        "f1": 0.21408045977011494,
        "tp": 149,
        "fp": 601,
        "fn": 493
      },
      "text_equal_title": {
        "precision": 0.0,
        "recall": 0.0,
        "f1": 0.0,
        "tp": 0,
        "fp": 750,
        "fn": 642
      },
      "offset_relaxed_title_10": {
        "precision": 0.07333333333333333,
        "recall": 0.08566978193146417,
        "f1": 0.07902298850574714,
        "tp": 55,
        "fp": 695,
        "fn": 587
      },
      "offset_relaxed_title_50": {
        "precision": 0.43733333333333335,
        "recall": 0.5109034267912772,
        "f1": 0.47126436781609193,
        "tp": 328,
        "fp": 422,
        "fn": 314
      }
    },
    "timing": {
      "load_ms": 84162.6,
      "total_inference_s": 7096.84,
      "mean_ms_per_row": 9228.66,
      "median_ms_per_row": 7055.15
    }
  },
  "predictions_path": "/root/tibetan-text-meta-detection/logs/benchmark_gemma4_predictions.jsonl"
}